[{"appID":"1","user_ID":"4","dateMade":"2021-06-21","dateApp":"2021-06-30","status":"verified","times":"20:49:49","username":"uda","password":"123","gender":"1","name":"Uda","address":"Perak","telephone":"0124377564","email":"uda@gmail.com","IdLevel":"3"},{"appID":"2","user_ID":"24","dateMade":"2021-07-04","dateApp":"2021-07-10","status":"verified","times":"18:00:00","username":"wani","password":"12345","gender":"2","name":"Wani","address":"Kulim","telephone":"0124567563","email":"wani123@gmail.com","IdLevel":"3"}]